IMPORT_STATUS,DB_NAME,DB_SIGLE,DB_INDUSTRY,DB_COUNTRY,DB_ADMIN_NAME
VALID,BOUCHERIE CHARCUTERIE DU LITTORAL,BCL,Consumer markets,Cameroun,Jean Roger DAVID
VALID,SIPAL,SIPAL,Consumer markets,Cameroun,Jean Roger DAVID
VALID,PRUDENTIAL BENEFICIAL INSURANCE CAMEROON,PBIC,Insurance,Cameroun,Eddie F. BROWN
VALID,BGFIBANK CAMEROUN SA,BGFI,Bank,Cameroun,Abakal MAHAMAT
VALID,NACHTIGAL HYDRO POWER COMPANY,NHPC,ENR - Power & Utilities,Cameroun,Vincent LEROUX
VALID,PORT AUTONOME DE DOUALA,PAD,Government & public sector,Cameroun,Cyrus NGO'O
VALID,VISION 4 TELEVISION SA,VISION 4,"Technology, media & telecommunications",Cameroun,Jean Pierre AMOUGOU BELINGA
VALID,LA REGIONALE BANK S.A,REC,Bank,Cameroun,Rev. Charles Rollin OMBANG
VALID,WEBB FONTAINE GROUP,WFG,"Technology, media & telecommunications",Cameroun,Timothy COLLIER
VALID,EXCO AFRIQUE SENEGAL,EXCO,Other Financial services,Sénégal,MAMADOU SAAR
VALID,CECEC SA,CECEC,Bank,Cameroun,TCHANKUEGNE DEUDJUI DIDEROT
VALID,SOCIETE ANONYME DES BOISSONS DU CAMEROUN,SABC,Industrial manufacturing,Cameroun,Stéphane DESCAZEAUD
VALID,UNION MARITIME AGENCY,UMA,Transport & leisure,Cameroun,KADIN ADEBAYO
VALID,AFRICA BRIGHT CAPITAL,ABC,Other Financial services,Cameroun,MEHDI CHIFAOUI
VALID,MEDECINS SANS FRONTIERES,MSF,Miscellaneous,Cameroun,MODESTE KAMAKLOE
VALID,AIR LIQUIDE CAMEROUN,AIR LIQUID,Other industry,Cameroun,Alain DIBADJO
VALID,CADYST CONSUMER GROUP,CADYST,Food and Drink,Cameroun,M. TSAFACK
VALID,SOCOMAR,SOCOMAR,Transport & leisure,Cameroun,M VITALE
VALID,CIMENCAM,CIMENCAM,Other industry,Cameroun,
VALID,MTN CAMEROUN,MTN,"Technology, media & telecommunications",Cameroun,
VALID,ENEO CAMEROUN,ENEO,ENR - Power & Utilities,Cameroun,Siegfried DIBONG
VALID,WAFACASH,WAFACASH,Other Financial services,Cameroun,
VALID,CANAL +,CANAL +,Private Equity,Cameroun,
VALID,ADVANS CAMEROUN,ADVANS,Other Financial services,Cameroun,
VALID,CFAO RETAIL CAMEROUN,CFAO,"Infrastructure,  Healthcare",Cameroun,
VALID,SGS,SGS,Miscellaneous,Cameroun,
VALID,CAMTEL,CAMTEL,"Technology, media & telecommunications",Cameroun,
VALID,CHANAS ASSURANCES,CHANAS,Insurance,Cameroun,
VALID,AXA ASSURANCES,AXA,Insurance,Cameroun,
VALID,ACTIVA ASSURANCES,ACTIVA,Insurance,Cameroun,
VALID,ALLIANZ CAMEROUN VIE,ALLIANZ,Insurance,Cameroun,
VALID,ASCOMA ASSURANCE,ASCOMA,Insurance,Cameroun,
VALID,AFRICA LEASING CAMEROUN,ALC,Miscellaneous,Cameroun,
VALID,CEGELEC,CEGELEC,Miscellaneous,Cameroun,
VALID,APM TERMINALS,APM,Miscellaneous,Cameroun,
VALID,PRODIFOOD'S,PRODIFOODS,Miscellaneous,Cameroun,Jean Roger DAVID
VALID,CFAO MOBILITY CAMEROON,CFAO,Miscellaneous,Cameroun,
VALID,DANGOTE CEMENT CAMEROON SA,DANGOTE,Industrial manufacturing,Cameroun,Bertrand MBOUCK
VALID,EMPLOY GLOBAL,EMPLOY,Miscellaneous,ÎLE MAURICE,FRED TSHIDIMBA
VALID,MBOKA INDUSTRIAL SERVICES (CAMEROON) SA,MBOKA,Industrial manufacturing,Cameroun,MUKETE BEYONGO DYNAMIC
VALID,SOCIETE NATIONALE DE RAFFINAGE,SONARA,Energy and Oil & Gas,Cameroun,Jean-Paul SIMO NJONOU
VALID,CONTINENTAL OIL TRANSPORTATION OPERATING CITERNES SA,COTOC SA,Transport & leisure,Cameroun,THIERRY GHOMSI
VALID,ASSOCIATION YUMMEN,,Project & NGO,Cameroun,HADJIDJATOU IYAWA OUSMANOU
VALID,MONSIEUR MBOCK DESIRE GEOFFROY,M. MBOCK,Miscellaneous,Cameroun,M. MBOCK DESIRE GEOFFROY
VALID,TERMINAL MIXTE FRUITIER DE DOUALA,TMFD,Miscellaneous,Cameroun,
VALID,SOFOMEUTEX,SOFOMEUTEX,Miscellaneous,Cameroun,
VALID,PEOPLE KNOWLEDGE SERVICES SARL,PSK SARL,Miscellaneous,Cameroun,PAULINS KETCHATE
VALID,EOLIS CAMEROUN,EOLIS,Miscellaneous,Cameroun,
VALID,Y.M TRANSIT,Y.M,Miscellaneous,Cameroun,
VALID,AFRICA BRIGHT ASSET MANAGEMENT SA,ABAM SA,Other Financial services,Cameroun,MEDHI CHIFAOUI
VALID,MAÎTRE CHEMOU,MAÎTRE CHE,Miscellaneous,Cameroun,MAÎTRE CHEMOU
VALID,PROMETAL SA,PROMETAL S,Industrial manufacturing,Cameroun,HAYSSAM EL JAMMAL
VALID,BOUYGUES ENERGIES & SERVICES CAMEROUN,BOUYGUES,Energy and Oil & Gas,Cameroun,Pierre VANSTOFLEGATTE
VALID,ALLIANZ CAMEROUN SA,ALLIANZ,Insurance,Cameroun,Olivier MALATRE
VALID,GULF OF GUINEA INVEST SHIPPING & TRADING,GULFIN,Energy and Oil & Gas,Cameroun,Albert BOUM
VALID,CFAO TECHNOLOGIES SA,CFAO,"Technology, media & telecommunications",Cameroun,Stephane BORDURE-LINDER
VALID,ASCOMA CAMEROUN SA,ASCOMA,Miscellaneous,Cameroun,Philippe BETI
VALID,POLYPHARMA SARL,POLYPHARMA,"Infrastructure,  Healthcare",Cameroun,Modeste TABOUGUIA
VALID,ORANGE CAMEROUN SA,ORANGE,"Technology, media & telecommunications",Cameroun,Patrick BENON
VALID,MTN CAMEROUN SA,MTN,"Technology, media & telecommunications",Cameroun,Stephen BLEWETT
VALID,ADDAX PETROLIUM,ADDAX,Energy and Oil & Gas,Cameroun,QU BIN
VALID,CAMLAIT,CAMLAIT,Food and Drink,Cameroun,Paulin Landry TOUKAM ZUKO
VALID,CFAO MOBILITY CAMEROON,CFAO,Other industry,Cameroun,Denis ZAPPULLA
VALID,TRACTAFRIC EQUIPMENT CAMEROUN,,Other industry,Cameroun,Guy STABILE
VALID,GUINNESS CAMEROUN S.A,GCSA,Industrial manufacturing,Cameroun,Stéphane DESCAZEAUD
VALID,DHL EXPRESS,DHL,Miscellaneous,Cameroun,Alphonse BEA
VALID,LABOREX CAMEROUN SA,LABOREX,"Infrastructure,  Healthcare",Cameroun,Sébastien ROUX
VALID,ALIOS FINANCE SA,ALIOS,Bank,Cameroun,Georges James NDZUTUE FOTSO
VALID,COMETAL,COMETAL,Industrial manufacturing,Cameroun,Stanislas KOUALA
VALID,SOLEVO CAMEROUN,SOLEVO,Other industry,Cameroun,Martial MEKONGO
VALID,MAERSK,MAERSK,Miscellaneous,Cameroun,Michel KONAN KOFFI
VALID,SIC CACAOS,SIC CACAOS,Industrial manufacturing,Cameroun,PIERLUIGI PASSERA
VALID,COLGATE PALMOLIVE CAMEROUN SA,COLGATE,Miscellaneous,Cameroun,Richard FOWANG
VALID,CHOCOCAM,CHOCOCAM,Industrial manufacturing,Cameroun,NDIAYE MOUHAMADOU
VALID,BVS PRODUCTION CAMEROUN SA,BVS,Miscellaneous,Cameroun,Stéphane SOUMAHORO
VALID,TRADEX CAMEROUN SA,TRADEX,Energy and Oil & Gas,Cameroun,Simon PALEY
VALID,UBA CAMEROON,UBA,Bank,Cameroun,Jude ANELE
VALID,NEXTTEL,NEXTTEL,"Technology, media & telecommunications",Cameroun,Benoît YAOUSSOU
VALID,NEPTUNE OIL SA,NEPTUNE,Energy and Oil & Gas,Cameroun,Antoine NDZENGUE
VALID,GLOBELEQ,GLOBELEQ,ENR - Power & Utilities,Cameroun,Frédéric Didier MVONDO
VALID,ACCESS BANK PLC,ACCESS,Bank,Cameroun,Roosevelt OGBONNA
VALID,COMMERCIAL BANK OF CAMEROUN,CBC,Bank,Cameroun,
VALID,ECOBANK,ECOBANK,Bank,Cameroun,
VALID,CORLAY CAMEROUN,CORLAY,Industrial manufacturing,Cameroun,
VALID,DAMCO CAMEROUN,DAMCO,Transport & leisure,Cameroun,
VALID,AUTO 22 INDUSTRY,AUTO 22,Industrial manufacturing,Cameroun,JEAN BERNARD GATEU FOM
VALID,AUTO 22 INDUSTRY,AUTO 22,Industrial manufacturing,Cameroun,JEAN BERNARD GATEU FOM
VALID,AUTO 22 INDUSTRY,AUTO 22,Industrial manufacturing,Cameroun,JEAN BERNARD GATEU FOM
VALID,AUTO 22 INDUSTRY,AUTO 22,Industrial manufacturing,Cameroun,JEAN BERNARD GATEU FOM
VALID,CHANAS ASSURANCES S.A,CHANAS,Insurance,Cameroun,LEONCE AUGOU
VALID,KALFRELEC SARL,KALFRELEC,Other industry,Cameroun,ALAIN KENTSA
VALID,PERENCO OIL &GAS,PERENCO,Energy and Oil & Gas,Cameroun,ARMEL SIMONDIN
VALID,ICRAFON,ICRAFON,Other industry,Cameroun,PATRICE PORTE
VALID,SMALTO,SMALTO,Industrial manufacturing,Cameroun,RAFIK .R
VALID,NOVA PLAST SARL,NOVA PLAST,Other industry,Cameroun,ALEXIS TSOBZE
VALID,SMT CAMEROUN S.A,SMT,Industrial manufacturing,Cameroun,JEROME FRANCOIS
VALID,ASQUINI ENCORAD,ASQUINI,Other industry,Cameroun,MICHEL NGAPANOUN
VALID,OK PLASTCAM SARL,OK PLAST,Other industry,Cameroun,SAMI BAKER
VALID,SIKA CAMEROON,SIKA,Other industry,Cameroun,JOEL SOULAT
VALID,SASEL S.A,SASEL,Other industry,Cameroun,PIERRE ANDRE CHASTEL
VALID,CIMAF,CIMAF,Other industry,Cameroun,HAMMI ISMAAYL
VALID,CIMAF,CIMAF,Other industry,Cameroun,HAMMI ISMAAYL
VALID,SOURCE DU PAYS,SOURCE,Climate change/Water,Cameroun,EL SAHELY NESSRALLAH
VALID,FERMENCAM,FERMENCAM,Other industry,Cameroun,PIERRE TCHINDA
VALID,FME-GAZ les gaz industriels du Cameroun,FME-GAZ,Energy and Oil & Gas,Cameroun,VICTOR TIENCHEU
VALID,SCTM,SCTM,Energy and Oil & Gas,Cameroun,LUDOVIC YAHNE SIELIENOU
VALID,EDC ASSET MANAGEMENT,EDC,Miscellaneous,Cameroun,NOELLE KOUO NGAMBY
VALID,ALUBASSA,ALUBASSA,Miscellaneous,Cameroun,
VALID,ALIOS FINANCE,ALIOS,Miscellaneous,Cameroun,HICHAM DAOUK
VALID,BOUYGUES ENERGIES & SERVICES,BOUYGUES,"Technology, media & telecommunications",Cameroun,PIERRE VANSTOFLEGATTE
VALID,FINANCIA CAPITAL,FINANCIA,Miscellaneous,Cameroun,SERGE YANIC NANA
VALID,PLASTICAM,PLASTICAM,Other industry,Cameroun,FOYOU MARIELLE
VALID,SOCAFER,SOCAFER,Miscellaneous,Cameroun,TANKEU MAURICE
VALID,UNALOR,UNALOR,Miscellaneous,Cameroun,MARIE LOUIS KONDECK
VALID,IHS CAMEROUN SA,IHS,Miscellaneous,Cameroun,
VALID,MOULIN COQ ROUGE,MOULIN COQ,Miscellaneous,Cameroun,
VALID,HYSACAM,HYSACAM,Miscellaneous,Cameroun,
VALID,LES GRANGS COMPLEXES D'AFRIQUE,LGCCA,Miscellaneous,Cameroun,
VALID,INODA INDUSTRIES SARL,INODA,Miscellaneous,Cameroun,
VALID,EURO COSMETICS,EURO,Miscellaneous,Cameroun,
VALID,CAMRAIL,CAMRAIL,Miscellaneous,Cameroun,
VALID,SOCIETE GENERAL CAMEROUN,SGC,Bank,Cameroun,
VALID,ERICSON CAMEROUN,ERICSON,Miscellaneous,Cameroun,
VALID,CAMEROON WATER UTILITIES CORPORATION,CAMWATER,Miscellaneous,Cameroun,
VALID,Programme d'Appui à la reforme de l'éducation au Cameroun,PAREC,Project & NGO,Cameroun,Hadidjatou Iyawa Ousmanou
VALID,SANLAM ASSURANCES,SANLAM,Insurance,Cameroun,
VALID,SUNU ASSURANCES IARD,SUNU IARD,Insurance,Cameroun,
VALID,SUNU ASSURANCES VIE,SUNU VIE,Insurance,Cameroun,
VALID,CIMENCAM,CIMENCAM,Insurance,Cameroun,
VALID,BATIMETAL,BATIMETAL,Miscellaneous,Cameroun,MFENJOU WILLIAM
VALID,UBC,UBC,Miscellaneous,Cameroun,CHARLOTTE KOUECHEU
VALID,Société D'Exploitation des Etablissements de Fombelle  (SEEF S.A.),SEEF S.A.,FORESTIER,Cameroun,Pierre MANCEL
VALID,BIA CAMEROUN,BIA,Miscellaneous,Cameroun,
VALID,COLOR CERAMICA,COLOR,Other industry,Cameroun,
VALID,BLESSING PETROLEUM,BLESSING,Energy and Oil & Gas,Cameroun,
VALID,GRAPHIC SYSTEM,GRAPHIC,Miscellaneous,Cameroun,
VALID,BANGE,,Bank,Cameroun,
VALID,Krystal Palace,,Hôtellerie,Cameroun,FOYOU
VALID,LES BATISSEURS REUNIS,BATISSEURS,Miscellaneous,Cameroun,
VALID,CAMEROON UNITED FOREST,UNITED FOR,N/A,Cameroun,
VALID,ORANGE MONEY CAMEROUN SA,ORANGE,Other Financial services,Cameroun,
VALID,GAZ DU CAMEROUN,GAZ DU CAM,Miscellaneous,Cameroun,
VALID,BERNABE CAMEROUN,BERNABE,Miscellaneous,Cameroun,
VALID,BESIX CAMEROUN,BESIX,Miscellaneous,Cameroun,
VALID,Tractafric motors SA,Tractafric,Miscellaneous,Cameroun,
VALID,PRIMO SARL,PRIMO,Miscellaneous,Cameroun,
VALID,Tropik Industries Cameroun,Tropik,Miscellaneous,Cameroun,
VALID,SOCIETE MODERNE DU PNEUMATIQUE CAMEROUNAIS SMPC,SMPC,Miscellaneous,Cameroun,
VALID,SEFECAM,SEFECAM,Miscellaneous,Cameroun,
VALID,BIOPHARMA,BIOPHARMA,Miscellaneous,Cameroun,
VALID,TELCAR COCOA LIMITED,TELCAR,Miscellaneous,Cameroun,
VALID,NFC BANK,NFC BANK,Bank,Cameroun,
VALID,TRANSMISSION MANUTENTION DU CAMEROUN TMC,TMC,Miscellaneous,Cameroun,
VALID,SOREPCO,SOREPCO,Miscellaneous,Cameroun,
VALID,SOCIETE D'EXPLOITATION DES PARCS A BOIS DU CAMEROUN SEPBC,SEPBC,FORESTIER,Cameroun,
VALID,SPEED APPRO,SPEED APRO,Miscellaneous,Cameroun,
VALID,AGROCHEM,AGROCHEM,Miscellaneous,Cameroun,
VALID,FIRST TRUST SA,FIRST,Other Financial services,Cameroun,
VALID,LONG METAL SARL,LONG METAL,Miscellaneous,Cameroun,
VALID,AZUR,AZUR,Food and Drink,Cameroun,
VALID,IMS SARL,IMS,Miscellaneous,Cameroun,
VALID,SOCATUR SA,SOCATUR,Miscellaneous,Cameroun,
VALID,BATIBOIS,BATIBOIS,FORESTIER,Cameroun,
VALID,HAVEST ASSET MANAGEMENT SA,HAVEST,Miscellaneous,Cameroun,
VALID,MAHIMA,MAHIMA,Miscellaneous,Cameroun,
VALID,AMS GROUP,AMS GROUP,Miscellaneous,Cameroun,
VALID,WOOD SENSES,WOOD SENSE,Miscellaneous,Cameroun,
VALID,SEEF SA,SEEF SA,FORESTIER,Cameroun,
VALID,HYDRAC,HYDRAC,Miscellaneous,Cameroun,
VALID,COMMUNAUTE HURBAINE DE YAOUNDE,PCADY,N/A,N/A,CUY
VALID,COMMUNAUTE URBAINE DE KRIBI,CUK,Government & public sector,Cameroun,
VALID,Port Autonome de Kribi,PAK,Government & public sector,Cameroun,
VALID,COMPAGNIE NATIONALE DES CHARGEURS DU CAMEROUN,CNCC,Transport & leisure,Cameroun,
VALID,CHASLES CORPORATION,CHASLES,Miscellaneous,Cameroun,
VALID,FLORE SERVICES SARL,FLORE,Miscellaneous,Cameroun,
VALID,AFRICA WORKS,AFRICA,Miscellaneous,Cameroun,
VALID,CREATIVE SARL,CREATIVE,Miscellaneous,Cameroun,
VALID,WISDOM INTERNATIONAL,WISDOM,Miscellaneous,Cameroun,
VALID,FONDS COMMUN PSFE,PSFE,Climate change/Water,Cameroun,
VALID,EDF CAMEROUN SA,EDF,Energy and Oil & Gas,Cameroun,
VALID,MEDLOG CAMEROUN SA,MEDLOG,Transport & leisure,N/A,
VALID,SOLEIL CAMEROUN,SOLEIL,Miscellaneous,Cameroun,
VALID,SINCATEX SA,SINCATEX,Miscellaneous,Cameroun,
VALID,EMRALD SECURITIES SERVICES BOURSE SA,EMRALD,Miscellaneous,Cameroun,
VALID,CAMBUILD BTP,CAMBUILD,Miscellaneous,Cameroun,
VALID,METAFRIQUE STEEL,METAFRIQUE,Miscellaneous,Cameroun,
VALID,AGROCAM SA,AGROCAM SA,Other industry,Cameroun,Jean Daniel AYAMAPI
VALID,BANQUE ATLANTIQUE CAMEROUN,,Bank,Cameroun,Habib Koné
VALID,NSIA ASSURANCES CAMEROUN,NSIA,Insurance,Cameroun,Esther TIAKO
VALID,SOCAPALM,SOCAPALM,Industrial manufacturing,Cameroun,Dominique CORNET
VALID,FONDS NATIONAL DE L'EMPLOI,FNE,Government & public sector,Cameroun,Jean Ronald Joseph
VALID,CENTRE INTERNATIONAL DE RECHERCHE CHANTAL BIYA,CIRCB,Government & public sector,Cameroun,Alexis NDJOLO
VALID,AGENCE NATIONALE D'APPUI AU DEVELOPPEMENT FORESTTIER,ANAFOR,Government & public sector,Cameroun,Jean Baptiste Baskouda
VALID,NACHTIGAL HYDRO POWER COMPANY,NHPC,Energy and Oil & Gas,Cameroun,Vincent Leroux
VALID,SANLAM LIFE,SANLAM LIF,Insurance,Cameroun,Vincent Ongono
VALID,CAISSE AUTONOME D'AMORTISSEMENT,CAA,Government & public sector,Cameroun,Richard EVINA OBAM
VALID,LONGSTAR EQUIPMENT CAMEROUN,LONGSTAR,Miscellaneous,Cameroun,Long Hai
VALID,EB-Partners Law Tax & Global Legal Services,EB-TAX,Miscellaneous,Cameroun,Emile BITOUNGUI
VALID,PTT TELECOM SA,YOUMEE,"Technology, media & telecommunications",Cameroun,Jean Marie OLICARD
VALID,commune d'arrondissement de douala 1er,CAD,Government & public sector,Cameroun,
VALID,Commune de douala 3eme,CAD,Government & public sector,Cameroun,
VALID,Commune de douala 4eme,CAD,Government & public sector,Cameroun,
VALID,Commune de douala 5eme,CAD,Government & public sector,N/A,
VALID,Communauté urbaine de douala,CUD,Government & public sector,N/A,
VALID,WEBB FONTAINE CAMEROUN S.A,WF CAM,Miscellaneous,Cameroun,Moïse YAKAN A BESSIOM
VALID,AFRICA BRIGHT SECURITIES SA,ABS S.A,Other Financial services,Cameroun,
VALID,ELECNOR CAMEROUN S.A,ELECNOR,Other industry,Cameroun,
VALID,MOUSSE ET DRIVES DU CAMEROUN,MDC Sarl,Miscellaneous,Cameroun,Paul RODRIGUE TSAFACK
VALID,Le Plastique Camerounais,PLASTICAM,Industrial manufacturing,Cameroun,FOYOU Epse FANKAM YAMAKO Marielle
VALID,Agriculture du Cameroun,AGROCAM,FORESTIER,Cameroun,Jean Daniel AYAMAPI
VALID,SOCIETE METCH-ELEC SARL,METCH ELEC,Energy and Oil & Gas,Cameroun,Gilbert METCHEKA
VALID,SOCIETE CAMEROUNAISE DE VERRERIE,SOCAVER,Industrial manufacturing,Cameroun,Selon Emmanuel De Tailly
VALID,COLGATE PALMOLIVE CAMEROUN SA,COLGATE,Miscellaneous,Cameroun,Richard FOWANG
VALID,Sté Camerounaise de Cartonnages et de Fournitures de matériel scolaire & Bureau,SOCARTO,Industrial manufacturing,Cameroun,Samuel KONDO NJANGA NGANDE
VALID,Société de Transformation de Blé Au Cameroun,SITRABCAM,Food and Drink,Cameroun,
VALID,LES LABORATOIRES BIOPHARMA SA,BIOPHARMA,Miscellaneous,Cameroun,Francis NANA DJOMOU
VALID,COTONNIERE INDUSTRIELLE DU CAMEROUN,CICAM,Industrial manufacturing,Cameroun,Edouard Abada EBAH
VALID,SOCIETE CAMEROUNAISE DE FABRICATION DES LUBRIFIANTS,SCEFL SA,Industrial manufacturing,Cameroun,Cyrine DRAIF
VALID,SOCIETE DES PRODUITS NOUVEAUX,SPN,Miscellaneous,Cameroun,OBALLA
VALID,SOCIETE DES TRANSFORMATIONS INDUSTRIELLES DU CAMEROUN,SOTICAM,Industrial manufacturing,Cameroun,Mohamed Saad
VALID,SOYBEANS PROCESSING INDUSTRY OF CAMEROON,SAPRIOCAM,Food and Drink,Cameroun,Raymond DIFFO
VALID,CFAO TECHNOLOGIES,CFAO,"Technology, media & telecommunications",Cameroun,Stephane BORDURE-LINDER
VALID,SIMI CAMAROES SARL,AMAL SIMI,Energy and Oil & Gas,Cameroun,Arnaud WATAT
VALID,CAISSE NATIONALE DE PREVOYANCE SOCIALE,CNPS,Government & public sector,Cameroun,Mekulu MVONDO
VALID,CAMEROON TELECOMMUNICATIONS,CAMTEL,"Technology, media & telecommunications",Cameroun,Judith YAH SUNDAY
VALID,SOCIETE NATIONAL DES HYDROCARBURES,SNH,Energy and Oil & Gas,Cameroun,Adolphe MOUDIKI
VALID,COMPAGNIE CAMEROUNAISE DE L’ALUMINIUM,ALUCAM,Industrial manufacturing,Cameroun,Alain MALONG
VALID,FONDS SPÉCIAL D’EQUIPEMENT ET D’INTERVENTION INTER COMMUNAL,FEICOM,Government & public sector,Cameroun,Philippe CAMILLE AKOA
VALID,SOCIETE DE DEVELOPPEMENT DU COTON DU CAMEROUN,SODECOTON,Government & public sector,Cameroun,MOHAMADOU BAYERO
VALID,SOCIETE NATIONALE DE RAFFINAGE,SONARA,Energy and Oil & Gas,Cameroun,Jean Paul SIMO NJONOU
VALID,CAISSE DE STABILISATION DES PRIX D’HYDROCARBURES,CSPH,Government & public sector,Cameroun,OKIE JOHSON NDOH
VALID,CAMEROON DEVELOPMENT CORPORATION,CDC,Government & public sector,Cameroun,Francklin NJIE NGONI
VALID,AGENCE DE REGULATION DES TELECOMMUNICATIONS,ART,"Technology, media & telecommunications",Cameroun,Philemon ZO’O ZAME
VALID,CAMEROON RADIO AND TELEVISION,CRTV,"Technology, media & telecommunications",Cameroun,Charles NDONGO
VALID,CREDIT FONCIER DU CAMEROUN,CFC,Government & public sector,Cameroun,Jean Paul MISSI
VALID,CENTRALE NATIONALE D’APPROVISIONNEMENT EN MEDICAMENTS ET CONSOMMABLES  MEDICAUX ESSENTIELS,CENAME,Government & public sector,Cameroun,SALIHOU SADOU
VALID,AEROPORTS DU CAMEROUN,ADC,Transport & leisure,Cameroun,Thomas OWONA ASSOUMOU
VALID,CAMEROON AIRLINE CORPORATION,CAMAIRCO,Transport & leisure,Cameroun,Louis Georges NJIPENDI KOUOTOU
VALID,CAMEROON CIVIL AVIATION AUTHORITY,CCAA,Transport & leisure,Cameroun,Paule AVOMO ASSOUMOU
VALID,FONDS NATIONAL DE L’EMPLOI,FNE,Government & public sector,Cameroun,Camille MOUTE A BIDIAS
VALID,PORT AUTONOME DE DOUALA,PAD,Government & public sector,Cameroun,Cyrus NGO'O
VALID,PORT AUTONOME DE KRIBI,PAK,Government & public sector,Cameroun,Patrice Barthélemy MELOM
VALID,SOCIETE CAMEROUNAISE DES DEPÔTS PETROLIERS,SCDP,Energy and Oil & Gas,Cameroun,Véronique MOAMPEA MBIO
VALID,COTONNIERE INDUSTRIELLE DU CAMEROUN,CICAM,Industrial manufacturing,Cameroun,Edouard ABADA EBAH
VALID,FONDS DE DEVELOPPEMENT DES FILIERES CACAO ET CAFE,FODECC,Government & public sector,Cameroun,Samuel Donatien NENGUE
VALID,AGENCE DE REGULATION DES MARCHES PUBLICS,ARMP,Government & public sector,Cameroun,Ayélé DATTI
VALID,ELECTRICITY DEVELOPMENT CORPORATE,EDC,Energy and Oil & Gas,Cameroun,Théodore NSANGOU
VALID,EBOT EBOT ENAWAGENCE NATIONALE DES TECHNOLOGIES DE I’INFORMATION ET DE LA COMMUNICATION,ANTIC,"Technology, media & telecommunications",Cameroun,EBOT EBOT ENAW
VALID,CENTRE INTERNATIONAL DE REFRENCE CHANTAL BIYA,CIRCB,Private Equity,Cameroun,Alexis NDJOLO
VALID,CONSEIL NATIONAL DES CHARGEURS DU CAMEROUN,CNCC,Government & public sector,Cameroun,Auguste MBAPPE PENDA
VALID,CHANTIER NAVAL ET INDUSTRIEL DU CAMEROUN,CNIC,Other industry,Cameroun,Roland Maxime AKA'A NDI'I
VALID,CENTRE PASTEUR DU CAMEROUN,CPC,Government & public sector,Cameroun,Mirdad KAZANJI
VALID,GENERAL CERTIFICATE OF EDUCATION,GCE,Government & public sector,Cameroun,DANG AKUH Dominic
VALID,HOPITAL GENERAL DE DOUALA,HGD,Government & public sector,Cameroun,Henry NAMME LUMA
VALID,HOPITAL GENERAL DE YAOUNDE,HGY,Government & public sector,Cameroun,Vincent de Paul NDJIENTCHEU
VALID,INSTITUT NATIONAL DE LA STATISTQUE,INS,Government & public sector,Cameroun,Joseph TEDOU
VALID,OFFICE DU BACCALAUREAT DU CAMEROUN,OBC,Government & public sector,Cameroun,Etienne Roger MINKOULOU
VALID,PAMOL PLANTATIONS Plc,PPPLc,Miscellaneous,Cameroun,Charles MEKANYA OKON
VALID,SOCIETE DE DEVELOPPEMENT DU CACAO,SODECAO,Other industry,Cameroun,Jean Claude EKO’O AKOUAFANE
VALID,SOCIETE DE PRESSE ET D’EDITIONS DU CAMEROUN,SOPECAM,Miscellaneous,Cameroun,Marie Claire NNANA
VALID,BUREAU CENTRAL DES RECENSEMENTS DE LA POPULATION,BUCREP,Government & public sector,Cameroun,Bernadette MBARGA.
VALID,COMITE DE GESTION FAO/PAM,FAOPAM,Miscellaneous,Cameroun,MATAPIT Othon
VALID,MISSION D’AMENAGEMENT DES TERRAINS URBAINS ET RURAUX,MAETUR,Government & public sector,Cameroun,Louis Roger MANGA
VALID,SOCIETE DE DEVELOPPEMENT ET D’EXPLOITATION DES PRODUCTIONS ANIMALES,SODEPA,Miscellaneous,Cameroun,Denis KOULAGNA KOUTOU
VALID,SOCIETE NATIONALE DE TRANSPORT D’ELECTRICITE,SONATREL,Energy and Oil & Gas,Cameroun,Victor MBEMI NYANKGA
VALID,SOCIETE DE RECOUVREMENT DES CREANCES DU CAMEROUN,SRC,Government & public sector,Cameroun,Marie Rose MESSI
VALID,AGENCE D’ELECTRIFICATION RURALE,AER,ENR - Power & Utilities,Cameroun,Moussa OUSMANOU
VALID,AGENCE D’ELECTRIFICATION RURALE,AER,ENR - Power & Utilities,Cameroun,Moussa OUSMANOU
VALID,SOCIETE ALUMINIUM DE BASSA,ALUBASSA,Other industry,Cameroun,Alain MALONG
VALID,AGENCE NATIONALE D’APPUI AU DEVELOPPEMENT FORESTIER,ANAFOR,FORESTIER,Cameroun,Théophile BEKOLO BEKOLO
VALID,AGENCE DES NORMES ET DE LA QUALITE,ANOR,Miscellaneous,Cameroun,Charles BOOTO à NGON
VALID,AGENCE NATIONALE DE RADIOPROTECTION,ANR,Government & public sector,Cameroun,Augustin SIMO
VALID,AGENCE DE PROMOTION DES INVESTEMENTS,API,Government & public sector,Cameroun,Marthe Angeline MINJA
VALID,AUTORITE PORTUAIRE NATIONALE,APN,Government & public sector,Cameroun,Louis EBOUBEKE
VALID,AGENCE DE SERVICE CIVIQUE NATIONAL DE PARTICIPATION AU DEVELOPPEMEN,ASCNPD,Government & public sector,Cameroun,
VALID,BUREAU NATIONAL DE L'ETAT CIVIL,BUNEC,Government & public sector,Cameroun,Abdoulaye ADJIALI BOUKAR
VALID,CAISSE AUTONOME D'AMORTISSEMENT,CAA,Government & public sector,Cameroun,Richard EVINA OBAM
VALID,CAMEROON POSTAL SERVICES,CAMPOST,Government & public sector,Cameroun,Pierre KALDADAK
VALID,SOCIETE NATIONALE DE TRANSPORT ET DE TRANSIT DU CAMEROUN,CAMTAINER,Government & public sector,Cameroun,Peters EKOLLE
VALID,CAISSE DE DEVELOPPEMENT DE L'ELEVAGE DU NORD-OUEST,CDENO,Government & public sector,Cameroun,Michael MBAH SHUPONG
VALID,CENTRE HOSPITALIER DE RECHERCHE ET 'APPLICATION EN CHIRURGIE ENDOSCOPIQUE ET DE  REPRODUCTION HUMANE,CHRACERH,"Infrastructure,  Healthcare",Cameroun,Jean Marie KASIA
VALID,CENTRE HOSPITALIER DE RECHERCHE ET 'APPLICATION EN CHIRURGIE ENDOSCOPIQUE ET DE  REPRODUCTION HUMANE,CHRACERH,"Infrastructure,  Healthcare",Cameroun,Jean Marie KASIA
VALID,CENTRE HOSPITALIER UNIVERSITAIRE,CHU,"Infrastructure,  Healthcare",Cameroun,ESSOMBA Arthur Georges Alfred
VALID,CAMEROUN PUBLI-EXPANSION,CPE,Miscellaneous,Cameroun,Amadou BELLO
VALID,ECOLE INTERNATIONALE DES FORCES DE SECURITE,EIFORCES,Miscellaneous,Cameroun,BITOTE André Patrice
VALID,ECOLE NATIONALE 'ADMINISTRATION ET DE MAGISTRATURE,ENAM,Government & public sector,Cameroun,Bertrand Pierre SOUMBOU ANGOULA
VALID,ECOLE NATIONALE SUPERIEURE DES TRAVAUX PUBLICS,ENSTP,Government & public sector,Cameroun,George ELAMBO NKENG
VALID,FONDS ROUTIER,FR,Government & public sector,Cameroun,Samuel NENGUE
VALID,HOPITAL GYNECO-OBSTETRIQUE ET PEDIATRIQUE DE DOUALA,HGOPD,"Infrastructure,  Healthcare",Cameroun,Emille Télesphore MBOUDOU
VALID,HOPITAL GYNECO-OBSTETRIQUE ET PEDIATRIQUE DE YAOUNDE,HGOPY,"Infrastructure,  Healthcare",Cameroun,Robison ENOW MBU
VALID,MEKIN HYDROELECTRIC DEVELOPMENT CORPORATION,HYDROMEKIN,ENR - Power & Utilities,Cameroun,Frédéric BIYA MOTTO
VALID,INSTITUT NATIONAL DE CARTOGRAPHIE,INC,Government & public sector,Cameroun,Martin ELIMBI
VALID,INSTITUT NATIONAL DE LA JEUNESSE ET SPORT,INJS,Government & public sector,Cameroun,Edmond EBAL MINYE
VALID,INSTITUT DE RECHERCHE MEDICALE ET D’ETUDES DES PLANTES MEDECINALES,IRMPM,Government & public sector,Cameroun,Jean Louis ESSAME OYONO
VALID,INSTITUT SUPERIEUR DE MANAGEMENT PUBLIC,ISMP,Government & public sector,Cameroun,Edward MESIME MOKWE
VALID,LABORATOIRE NATIONAL VETERINAIRE,LANAVET,"Infrastructure,  Healthcare",Cameroun,Abel WADE
VALID,MISSION DE REGULATION ET D’APPROVISIONNEMENT DES PRODUITS DE GRANDE  CONSOMMATION,MIRAP,Miscellaneous,Cameroun,Cyprien BAMZOK NTOL
VALID,MISSION DE REGULATION ET D’APPROVISIONNEMENT DES PRODUITS DE GRANDE  CONSOMMATION,MIRAP,Miscellaneous,Cameroun,Cyprien BAMZOK NTOL
VALID,r christol Georges MANONMISSION D’AMENAGEMENT ET DE GESTION DES ZONES INDUSTRIELLES,MAGZI,Miscellaneous,Cameroun,christol Georges MANON
VALID,PARC NATIONAL DE MATERIEL DE GENIE CIVIL,MATGENIE,Government & public sector,Cameroun,Gustave EBONGUE
VALID,MISSION D'ETUDES POUR L'AMENAGEMENT DU NORD,MEADEN,Miscellaneous,Cameroun,ABDOULAY SERNO
VALID,MISSION D’ETUDES POUR L’AMENAGEMENT DE L’OCEAN,MEAO,Government & public sector,Cameroun,Hubert MBAMBA BONDIMA
VALID,MISSION DE DEVELOPPEMENT INTEGRE DES MONTS MANDARA,MIDIMA,Government & public sector,Cameroun,TCHARI BOULAMA
VALID,MISSION DE DEVELOPPEMENT DE LA PÊCHE ARTISANALE ET MARITIME,MIDEPECAM,Government & public sector,Cameroun,SAMMY AKO TAMBI
VALID,MISSION DE DEVELOPPEMENT INTEGRE DES MONTS MANDARA,MIDIMA,Government & public sector,Cameroun,TCHARI BOULAMA
VALID,MISSION DE PROMOTION DES MATERIAUX LOCAUX (,MIPROMALO,Government & public sector,Cameroun,LIKIBY ABOUBAKAR
VALID,MISSION DE REGULATION ET D’APPROVISIONNEMENT DES PRODUITS DE GRANDE  CONSOMMATION,MIRAP,Government & public sector,Cameroun,Cyprien BAMZOK NTOL
VALID,NATIONAL SCHOOL OF LOCAL ADMINISTRATION,NASLA,Government & public sector,Cameroun,TANYITIKU ENOHACHUO BAYEE
VALID,OFFICE NATIONAL ET DU CACAO ET DU CAFE,ONCC,Private Equity,Cameroun,Michael NDOPING
VALID,SOCIETE D’EXPLOITATION ET D’EXPANSION DU RIZ DE YAGOUA,SEMRY,Miscellaneous,Cameroun,FISSOU KOUMA
VALID,SOCIETE IMMOBILIERE DU CAMEROUN,SIC,Government & public sector,Cameroun,Ahmadou SARDOUNA
VALID,SOCIETE NATIONALE D’INVESTISSEMENT,SNI,Government & public sector,Cameroun,Aissatou YAOU
VALID,SOUTH WEST DEVELOPMENT AUTHORITHY,SOWEDA,Miscellaneous,Cameroun,BESONG NTUI OGORK
VALID,"ECOLE NATIONALE SUPERIEURE DES POSTES, DES TELECOMMUNICATIONS ET DES  TECHNOLOGIES DE L’INFORMATION ET DE LA COMMUNICATION",SUP'PTIC,Government & public sector,Cameroun,Félix WATCHING
VALID,"ECOLE NATIONALE SUPERIEURE DES POSTES, DES TELECOMMUNICATIONS ET DES  TECHNOLOGIES DE L’INFORMATION ET DE LA COMMUNICATION",SUP'PTIC,Government & public sector,Cameroun,Félix WATCHING
VALID,UPPER NOUN DEVELOPMENT VALLEY AUTHORITHY,UNDVA,Miscellaneous,Cameroun,CHIN WIRNKAR Richard
VALID,UNITE DE TRAITEMENTS AGRICOLES PAR VOIE AERIENNE,UTAVA,Government & public sector,Cameroun,Mathieu NGAÏ
VALID,OFFICE CEREALIER,OC,Miscellaneous,Cameroun,MOHAMADOU GASSIMOU
VALID,OFFICE NATIONAL DES ANCIENS COMBATTANTS,ONAC,Miscellaneous,Cameroun,Alfred FULLER
VALID,OBSERVATOIRE NATIONAL SUR LES CHANGEMENTS CLIMATIQUES,ONACC,Climate change/Water,Cameroun,Joseph AMOUGOU ARMATHE
VALID,INSTITUT DE RECHERCHES AGRICOLES POUR LE DEVELOPPEMENT,IRAD,Government & public sector,Cameroun,
VALID,ACADEMIE NATIONAL DE FOOTBALL,ANAFOOT,Government & public sector,N/A,
VALID,AGENCE DE PROMOTION DES PETITES ET MOYENNES ENTREPRISES,APME,Government & public sector,Cameroun,
VALID,AUTORITE PORTUAIRE NATIONAL,APN,Government & public sector,Cameroun,
VALID,BUREAU CENTRAL DES RECENSEMENTS DE LA POPULATION,BUCREP,Government & public sector,Cameroun,
VALID,CAISSE DE DEVELOPPEMENT DE L'ELEVAGE DU NORD,CDEN,Government & public sector,Cameroun,
VALID,CAISSE DE DEVELOPPEMENT DE LA PECHE MARITIME,CDPM,Government & public sector,Cameroun,
VALID,CENTRE NATIONAL D'ETUDE ET D'EXPERIMENTATION DU MACHINISME AGRICOLE,CENEEMA,Government & public sector,Cameroun,
VALID,CENTRE NATIONAL DE REHABILITATION DES PERSONNES HANDICAPEES PAUL EMILE LEGER,CNRPH,Government & public sector,Cameroun,
VALID,COMMISSION NATIONAL ANTI-CORRUPTION,CONAC,Government & public sector,Cameroun,
VALID,IMPRIMERIE NATIONAL,IN,Government & public sector,Cameroun,
VALID,INSTITUT DE RECHERCHE GEOLOGIQUE ET MINIERE,IRGM,Government & public sector,Cameroun,
VALID,LABORATOIRE NATIONAL D'ANALYSE ET DE CONTROLE DE LA QUALITE DES MEDICAMENTS,LANACOME,Government & public sector,Cameroun,
VALID,LIMBE NAUTICAL ARTS AND FISHERIES INSTITUTE,LINAFI,Government & public sector,Cameroun,
VALID,MISSION DE DEVELOPPEMENT DU NORD OUEST,MIDENO,Government & public sector,Cameroun,
VALID,MISSION DE REGULATION ET D'APPROVISIONNEMENT DES PRODUITS DE GRANDE CONSOMMATION,MIRAP,Government & public sector,Cameroun,
VALID,PALAIS DES CONGRES,,Government & public sector,Cameroun,
VALID,AGENCE NATIONAL DES TECHNOLOGIES DE L'INFORMATION ET DE LA COMMUNICATION,ANTIC,Government & public sector,Cameroun,
VALID,MISSION D'AMENAGEMENT ET DE GRSTION DES ZONES INDUSTRIELLES,MAGZI,Government & public sector,Cameroun,
VALID,SOCIETE DE RECOUVREMENT DES CREANCES DU CAMEROUN,SRC,Government & public sector,Cameroun,
VALID,THE BRIDGE INTERNATIONAL SCHOOL,TBIS,Miscellaneous,Cameroun,
VALID,COLLEGE BILINGUE LAVAL,,Miscellaneous,Cameroun,
VALID,COLLEGE LA CONQUETE,,Miscellaneous,Cameroun,
VALID,COLLEGE LIBERMAN,,Miscellaneous,Cameroun,
VALID,COLLEGE DE LA SALLE,,Miscellaneous,Cameroun,
VALID,ROUSSEAU INTERNATIONAL SCHOOL,RIS,Miscellaneous,Cameroun,
VALID,ENKO BONANJO INTERNATIONAL SCHOOL,,Miscellaneous,Cameroun,
VALID,BRITISH ISLES INTERNATIONAL SCHOOL,BIIS,Miscellaneous,Cameroun,
VALID,AMERICAN SCHOOL OF DOUALA,ASD,Miscellaneous,Cameroun,
VALID,FERRERO CAMEROUN SA,,Industrial manufacturing,Cameroun,
VALID,FIMEX INTERNATIONAL,,Miscellaneous,Cameroun,
VALID,YOOMEE MOBILE SA,,"Technology, media & telecommunications",Cameroun,
VALID,EASY LIFE,,Miscellaneous,Cameroun,
VALID,FINEX,,Transport & leisure,Cameroun,
VALID,SAKER,,Consumer markets,Cameroun,
VALID,CCMM SA,,Transport & leisure,Cameroun,
VALID,SCHLUMBERGER CAMEROUN,,Energy and Oil & Gas,N/A,
VALID,OLAM CAM SARL,,Industrial manufacturing,Cameroun,
VALID,SCI LES TROPIQUES,,Hôtellerie,Cameroun,
VALID,ENEM,,Industrial manufacturing,Cameroun,
VALID,ESTIA SYNERGIE CAMEROUN,,ENR - Power & Utilities,Cameroun,
VALID,EMPLOI SERVICE SA,,Miscellaneous,Cameroun,
VALID,EMPLOI SERVICE INTERIM,,Miscellaneous,Cameroun,
VALID,EMRALD SECURITIES SERVICES CAPITAL,,Bank,Cameroun,
VALID,EMRALD SECURITIES SERVICES MGT,,Bank,Cameroun,
VALID,PRUDENTIAL BENEFICIAL,BP,Bank,Cameroun,
VALID,KADY LESSIVAGE SA,,Miscellaneous,Cameroun,
VALID,NESTLE CAMEROUN,,Industrial manufacturing,Cameroun,
VALID,APAVE CAMEROUN,,Miscellaneous,Cameroun,
VALID,CAPI CAMEROUN SA,,Miscellaneous,Cameroun,
VALID,SOCIETE CAMEROUNAISE DES CHEMIN DE FER,SCCF SA,Miscellaneous,Cameroun,
VALID,SOCIETE CAMEROUNAISE DES BOIS DEBITES,SCDB SARL,Industrial manufacturing,Cameroun,
VALID,SOCIETE CAMEROUNAISE D4EQUIPEMENT INDUSTRIEL,SCEI SARL,Miscellaneous,Cameroun,
VALID,SOCIETE CAMEROUNAISE DE MEDECINE,SOCAMED,Miscellaneous,Cameroun,
VALID,SOCIETE CAMEROUNAISE DE TRANSFORMATION DE BLE,SCTB SA,Industrial manufacturing,Cameroun,
VALID,ETUDE Me SANDRINE MONGUE,,Miscellaneous,Cameroun,
VALID,ETUDE Me BETCHEM NOTAIRE,,Miscellaneous,Cameroun,
VALID,BEKO CAPITAL ADVISORY,,Bank,Cameroun,
VALID,SOGOTRANS SA,,Transport & leisure,Cameroun,
VALID,AREA ASSURANCES,,Insurance,Cameroun,
VALID,ASCESE,,Miscellaneous,Cameroun,
VALID,OLEA CAMEROUN,,Insurance,Cameroun,
VALID,OLA ENERGY CAMEROON,,Energy and Oil & Gas,Cameroun,
VALID,MULTISERVICES SARL,,Miscellaneous,Cameroun,
VALID,WIRE CAMEROUN,,Energy and Oil & Gas,Cameroun,
VALID,OMEGA CAMEROUN,,Transport & leisure,Cameroun,
VALID,MULTITECH,,Miscellaneous,Cameroun,
VALID,AFRICA SECURITY CAMEROON SARL,ASC,Miscellaneous,Cameroun,
VALID,LANA BIO COSMETICS,,Miscellaneous,Cameroun,
VALID,UNION CAMEROUNAISE DES BRASSERIES,UCB,Industrial manufacturing,Cameroun,
VALID,COMPLEXE CHIMIQUE CAMEROUNAIS,CCC,Industrial manufacturing,Cameroun,
VALID,DOUALA PORT WEIGHING SERVICES,DPWS,Miscellaneous,Cameroun,
VALID,GEODIS PROJECTS CAMEROON,GPCAM,Transport & leisure,Cameroun,
VALID,SOCIETE D'APPROVISIONNEMENT ET DE MAINTENANCE INDUSTRIELLE,SAMIN SA,Energy and Oil & Gas,Cameroun,
VALID,SOCIETE CAMEROUNAISE DE COMMERCE ET DE REPRESENTATION INDUSTRIELLE,CAMCI,Miscellaneous,Cameroun,
VALID,OMOA CAMEROUN SA,,Bank,Cameroun,
VALID,DEE-LITE SARL,,Miscellaneous,Cameroun,
VALID,LCI ORCA CAMEROUN,,Miscellaneous,Cameroun,
VALID,SOCIETE ELECTROMECANIQUE & ASCENCEURS,SEA SARL,Industrial manufacturing,Cameroun,
VALID,ONYX MANPOWER SERVICES CAMEROUN,,Miscellaneous,Cameroun,
VALID,ACCENT MEDIA SA,,Miscellaneous,Cameroun,
VALID,complexe métallurgique du Cameroun,CMC SA,Other industry,Cameroun,
VALID,SAFCAM SA,SAFCAM SA,Consumer markets,Cameroun,
VALID,PANZANI CAMEROUN,PANZANI,Fast Moving Consumer Goods,Cameroun,
VALID,SOCIETE DE TRANSFORMATION DU BLE DU CAMEROUN,SITRABCAM,Other industry,Cameroun,
VALID,CICAM SA,CICAM SA,Other industry,Cameroun,
VALID,SOCIETE DES TRANSFORMATIONS INDUSTRIELLES DU CAMEROUN,SOTICAM,Other industry,Cameroun,
VALID,TOLES ET ACIERS DU CAMEROUN,TAC SARL,Other industry,Cameroun,
VALID,SOPROICAM,SOPROICAM,Other industry,Cameroun,
VALID,CFAO,CFAO,Consumer markets,Cameroun,
VALID,AMAL SIMI,AMAL SIMI,Other industry,Cameroun,
VALID,METCH ELEC,METCH ELEC,"Technology, media & telecommunications",Cameroun,
VALID,INSTITUT DE LA FRANCOPHONIE POUR LE DEVELOPPEMENT DURABLE,IFDD,Project & NGO,Cameroun,Cécile Martin-Phipps
VALID,GHANA REINSURANCE PLC,GRC,Insurance,Cameroun,
VALID,BRUSSELS AIRLINES,,Miscellaneous,Cameroun,
VALID,ETHIOPIAN AIRLINES,,Miscellaneous,Cameroun,
VALID,NED'CAM,,Miscellaneous,Cameroun,
VALID,SCHNEIDER ELECTRIC,,Miscellaneous,Cameroun,
VALID,TRADEX S.A,,Energy and Oil & Gas,Cameroun,
VALID,EGYPTAIR AIRLINES,,Miscellaneous,Cameroun,
VALID,PRO-PME FINANCEMENT S.A,,Other Financial services,Cameroun,
VALID,ALLIANZ CAMEROUN,,Insurance,Cameroun,
VALID,PLANET HOTEL,,Hôtellerie,Cameroun,
VALID,SEMEM DISTRIBUTOR SARL,,Miscellaneous,Cameroun,
VALID,BALOON ASSURANCE CAMEROUN,,Insurance,Cameroun,
VALID,COLOR CERAMICA SARL,,Miscellaneous,Cameroun,
VALID,MTN CAMEROON LTD,,"Technology, media & telecommunications",Cameroun,
VALID,WAFACASH CAMEROUN,,Bank,Cameroun,
VALID,CAMEROUNAISE DE CONSTRUCTION DU BARRAGE DE NACHTIGAL S.A.S,CCN S.A.S,Miscellaneous,Cameroun,
VALID,TOTALENERGIES MARKETING CAMEROUN S.A,TOTALENERG,Energy and Oil & Gas,Cameroun,
VALID,SYSTEMES ET APPLICATIONS ELECTRONIQUES S.A,SAE S.A,Miscellaneous,Cameroun,
VALID,SOACAM AGRO INDUSTRIES S.A,SAGRI,Industrial manufacturing,Cameroun,
VALID,RW KING S.A,RW KING,Miscellaneous,Cameroun,
VALID,ATTIJARI SECURITIES CENTRAL AFRICA,ASCA,Bank,Cameroun,
VALID,DHL GLOBAL FORWARDING CAMEROUN PLC,DGF,Miscellaneous,Cameroun,
VALID,HYDIAM FORAGES,HYDIAM,Miscellaneous,Cameroun,
VALID,IBI S.A,IBI S.A,Miscellaneous,Cameroun,
VALID,GREENFIL PLANTATION LTD S.A,GREENFIL,Miscellaneous,Cameroun,
VALID,AZUR S.A,AZUR,Industrial manufacturing,Cameroun,
VALID,MAÎTRE ESSONO EPOUSE CHEMOU BLANCHE,Me ESSONO,Miscellaneous,Cameroun,
VALID,ICM CONSULTING SARL,ICM,Miscellaneous,Cameroun,
VALID,DIRECTION GENERALE DES DOUANES ET DES DROITS INDIRECTS DU TCHAD,DGDDIT,Government & public sector,Tchad,
VALID,SCI VESTALIA,SCI VESTAL,Miscellaneous,Cameroun,JEAN ROGER DAVID
VALID,AIR COTE D'IVOIRE,,Transport & leisure,Cameroun,
VALID,SIC CACAOS,,Industrial manufacturing,Cameroun,
VALID,GEODIS PROJECTS CAMEROON S.A.,GEODIS,Transport & leisure,Cameroun,
VALID,CONGELCAM S.A.,,Consumer markets,Cameroun,
VALID,GULFIN S & T CO,,Energy and Oil & Gas,Cameroun,
VALID,ZENITHE INSURANCE,,Insurance,Cameroun,Maxwell NDECHAM
VALID,CAMEROUN RAILWAYS S.A.,CAMRAIL,Transport & leisure,Cameroun,
VALID,MEDITERRANEAN SHIPPING COMPANY CAMEROUN,M.S.C,Transport & leisure,Cameroun,
VALID,SOCIETE D'EXPLOITATION DU PARC A BOIS DU CAMEROUN,SEPBC,Miscellaneous,Cameroun,
VALID,SOCOPAO CAMEROUN,,Transport & leisure,Cameroun,
VALID,BOLLORE TRANSPORT ET LOGISTICS CAMEROUN,,Transport & leisure,Cameroun,
VALID,KRIBI CONTENEUR TERMINAL,,Transport & leisure,Cameroun,
VALID,KRIBI POWER DEVELOPMENT COMPANY,KPDC,ENR - Power & Utilities,Cameroun,
VALID,SOA - Soulemanou Haliyou,SOA - SH,Other Financial services,Cameroun,Soulemanou Haliyou
VALID,SOA-HUNTER SERVICES SARL,HUNTER,Government & public sector,Cameroun,HUNTER SERVICES
VALID,GUICHET UNIQUE DES OPERATIONS DU COMMERCE EXTERIEUR,GUCE,Miscellaneous,Cameroun,
VALID,GRAPHICS SYSTEME S.A,,"Technology, media & telecommunications",Cameroun,
VALID,UNION BANK OF CAMEROON S.A,UBC PLC,Bank,Cameroun,
VALID,UNION DES TRANSACTIONS COMMERCIALES & INDUSTRIELLES,UTRAC S.A,Miscellaneous,Cameroun,
VALID,HEVEA CAMEROUN S.A,HEVECAM,Industrial manufacturing,Cameroun,
VALID,GALERIES PEYRISSAC S.A.,,Consumer markets,Cameroun,
VALID,BLESSING PETROLEUM S.A,,Energy and Oil & Gas,Cameroun,
VALID,MAHIMA SARL,,Fast Moving Consumer Goods,Cameroun,
VALID,SOREPCO S.A,,Consumer markets,Cameroun,
VALID,ADVANS CAMEROUN S.A,,Bank,Cameroun,
VALID,DAVUM CAMEROUN S.A,DACAM S.A.,Consumer markets,Cameroun,
VALID,SOCIETE CAMEROUNAISE DE FERRONNERIE S.A,SOCAFER SA,Industrial manufacturing,Cameroun,
VALID,SOCIETE CAMEROUNAISE DE VERRERIE S.A,SOCAVER SA,Industrial manufacturing,Cameroun,
VALID,LES LABORATOIRES BIOPHARMA,BIOPHARMA,Industrial manufacturing,Cameroun,
VALID,LE GLACIER MODERNE S.A,LGM S.A,Fast Moving Consumer Goods,Cameroun,
VALID,FAYADORT S.A,,Consumer markets,Cameroun,
VALID,NSIA ASSURANCES CAMEROUN S.A,,Insurance,Cameroun,
VALID,SOCIETE COMMERCIALE DE BANQUE CAMEROUN S.A,SCBC,Bank,Cameroun,
VALID,CHANAS ASSURANCES CAMEROUN S.A,,Insurance,Cameroun,
VALID,ECOBANK CAMEROUN S.A,,Bank,Cameroun,
VALID,NEPTUNE S.A,,Energy and Oil & Gas,Cameroun,
VALID,MEDIA PLUS SARL,,"Technology, media & telecommunications",Cameroun,
VALID,EASY RIDE S.A,,Miscellaneous,Cameroun,
VALID,KALFRELEC S.A,,Miscellaneous,Cameroun,
VALID,SUNU ASSURANCE VIE CAMEROUN S.A,,Insurance,Cameroun,
VALID,SUNU ASSURANCE IARD S.A,,Insurance,Cameroun,
VALID,CAMEROUNAISE DE DISTRIBUTION ALIMENTAIRE S.A,CAMDA SA,Fast Moving Consumer Goods,Cameroun,
VALID,ELECNOR SUCCURSALE,,N/A,N/A,
VALID,BOURBON OFFSHORE MARINE SERVICES CAMEROUN,BOMS,Energy and Oil & Gas,Cameroun,Roman DUBOVITSKII
VALID,HORUS INVESTMENT CAPITAL S.A,HORUS,Other Financial services,Cameroun,Cyrille ONANA
VALID,TELCAR COCOA LIMITED,TELCAR,Other industry,Cameroun,KANYI-TOMETI FOTSO
VALID,LOXEA S.A,LOXEA,Miscellaneous,Cameroun,Geoffroy DE MARCELLUS
VALID,ATLANTIQUE ASSURANCE IARDT-CAMEROUN,ATASSUR,Insurance,Cameroun,NGNIWAKE NORBERT
VALID,Coopérative d'Epargne et de Crédit des Artisans du Wouri,CECAW,Other Financial services,Cameroun,
VALID,TRANSMISSION MANUTENTION DU CAMEROUN,,Miscellaneous,Cameroun,
VALID,PARLYM CAMEROUN,,Miscellaneous,Cameroun,
VALID,CHANTIER NAVALE ET INDUSTRIEL DU CAMEROUN,CNIC,Transport & leisure,Cameroun,
VALID,WOOD SENSES,,Industrial manufacturing,Cameroun,
VALID,Société d'Exploitation Forestière et Commerciale Camerounaise,SEFECCAM,Industrial manufacturing,Cameroun,
VALID,PAN-AFRICAN SAVINGS LOANS,PASL,Miscellaneous,Cameroun,
VALID,HARVEST ASSET MANAGEMENT,,Miscellaneous,Cameroun,
VALID,ORCA,,Consumer markets,Cameroun,
VALID,AXA ASSURANCES,,Insurance,Cameroun,
VALID,Société de Routes et de Bâtiments Cameroun,SOROUBAT,Miscellaneous,Cameroun,
VALID,SOCIETE D'EXPLOITATION FORESTIERE ET AGRICOLE DU CAMEROUN SA,SEFAC S.A.,FORESTIER,Cameroun,
VALID,SOCIETE AFRICAINE DE FABRICATION DE CAHIERS,SAFCA,Industrial manufacturing,Cameroun,
VALID,SOCIETE DES CEREALES DE CAMEROUN,SCC,Industrial manufacturing,Cameroun,
VALID,SOCIETE CAMEROUNAISE DE RAFFINAGE MAYA & CIE,SCR MAYA &,Industrial manufacturing,Cameroun,
VALID,AFRICA GOLDEN BANK,AGB,Bank,Cameroun,Samuel Foyou
VALID,DIBAMBA POWER DEVELOPMENT COMPANY SA,DPDC S.A,Energy and Oil & Gas,Cameroun,Frédéric Didier MVONDO
VALID,OFFICE TOGOLAIS DES RECETTES,OTR,Miscellaneous,N/A,
VALID,CFAO TECHNOLOGY & ENERGY,CFAO,"Technology, media & telecommunications",Cameroun,Laurent DUPUIS
VALID,AFRICA GLOBAL PORT SOLUTIONS,,Transport & leisure,Cameroun,
VALID,HOTEL SAWA,,Hôtellerie,Cameroun,
VALID,BUREAU VERITAS S.A,,Miscellaneous,Cameroun,
VALID,2NI SARL,,Miscellaneous,Cameroun,
VALID,AFG CENTRAL & EAST AFRICA,,Other Financial services,Cameroun,
VALID,SIKA CAMEROUN SARL,,Miscellaneous,Cameroun,
VALID,SOCIETE AFRICAINE DE SEL SA,SASEL SA,Industrial manufacturing,Cameroun,
VALID,CITRA S.A.,,Transport & leisure,Cameroun,
VALID,EDC INVEST CORPORATION,,Other Financial services,Cameroun,
VALID,LES CIMENTERIES DU CAMEROUN S.A,CIMENCAM,Industrial manufacturing,Cameroun,
VALID,COMPAGNIES PROFESSIONNELLE D'ASSURANCE,CPA S.A,Insurance,Cameroun,
VALID,AIPI PIETRO ET FILS CAMEROUN SARL,ALPICAM,FORESTIER,Cameroun,
VALID,CIMENTS DE L'AFRIQUE CAMEROUN,CIMAF,Industrial manufacturing,Cameroun,
VALID,NOVIA INDUSTRIES,,Miscellaneous,Cameroun,
VALID,AFRILAND FIRST BANK,,Bank,Cameroun,
VALID,BOCOM PETROLEUM S.A,,Energy and Oil & Gas,Cameroun,
VALID,AREOFEU,,Miscellaneous,Cameroun,
VALID,ASQUINI ENCORAD,,Miscellaneous,Cameroun,
VALID,HYGIENE ET SALUBRETE DU CAMEROUN,HYSACAM,Miscellaneous,Cameroun,
VALID,ESICO,,Transport & leisure,Cameroun,
VALID,MOULIN DE FRANCE,,Food and Drink,Cameroun,
VALID,CFAO TECHNOLOGIES S.A,CFAO,Miscellaneous,Cameroun,
VALID,TAM-TAM SOLEIL,TAM-TAM SO,Other industry,Cameroun,Jean Roger DAVID
VALID,EB-PARTNERS AUDIT,EBP AUDIT,Miscellaneous,N/A,Samira VINDJEDOU
VALID,ARNO SA,ARNO SA,Miscellaneous,Cameroun,Jean Jacques ARNOPOULO
VALID,Mutuelles des inspecteur et officiers des Douanes du Cameroun,MIOD,Miscellaneous,Cameroun,
VALID,Commission Technique de Rehabilitation,CTR,Miscellaneous,Cameroun,
VALID,AFRICA FOOD DISTRIBUTION,BROLI,Food and Drink,Cameroun,
VALID,ARNO S.A.,,Miscellaneous,Cameroun,
VALID,ATTIJARIWAFA BANK,,Bank,Cameroun,
VALID,AKWA PALACE,,Hôtellerie,Cameroun,
VALID,BANGE BANK CAMEROUN,,Bank,Cameroun,
VALID,CITY BANK OF CAMEROUN,CITI,Bank,Cameroun,
VALID,AFRIQUE MARITIME ET LOGISTIQUE S.A,AFRIMAR SA,Transport & leisure,Cameroun,
VALID,McCANN,,"Technology, media & telecommunications",Cameroun,
VALID,SOCIETE LES GRANDS MOULINS DU CAMEROUN,SGMC,Food and Drink,Cameroun,
VALID,CHASLES CORPORATION SARL,CHASLESCOP,Miscellaneous,Cameroun,
VALID,SOCIETE CAMEROUNAISE DES GAZ LIQUEFIES DE PETROLE,CAMGAZ,Energy and Oil & Gas,Cameroun,
VALID,SOLEVO CAMEROUN,,Industrial manufacturing,Cameroun,
VALID,CFAO MOBILITY CAMEROON,CFAO,Other industry,Cameroun,Denis ZAPPULLA
VALID,Transformation des produits agricoles et agroalimentaires,TRANSFAGRI,Industrial manufacturing,Cameroun,
VALID,Ministrère de la Fonction Publique et de la Réforme Administrative,MINFOPRA,Miscellaneous,Cameroun,Ministre
VALID,CAMEROON CIVIL AVIATION AUTHORITY,CCAA,Government & public sector,Cameroun,Mme AVOMO ASSOUMOU Paule Epse KOKI
VALID,PROJET D'ASSISTANCE TECHNIQUE POUR LE DÉVELLOPEMENT DE L'HYDROELECTRICITE SUR LE FLEUVE SANAGA,PATDHS,Government & public sector,Cameroun,PODIE LUC
VALID,BANQUE INTERNATIONALE DU CAMEROUN POUR L'EPARGNE ET LE CREDIT,BICEC,Bank,Cameroun,
VALID,KING BAY CENTER S.A,KBC S.A,Miscellaneous,Gabon,
VALID,DJILO NGASSOP IRENE,,Government & public sector,Cameroun,DJILO NGASSOP IRENE
VALID,SHOW OFF SARL,,Other industry,Cameroun,TOKA Gislaine
VALID,CIA CAPITAL INVEST,,Other Financial services,Cote d'Ivoire,KACOU NEUBA Isidore
VALID,AMT CAMEROUN S.A,,Miscellaneous,Cameroun,Marcel BUERGI
VALID,DJOUFACK NGOUNE SUZANNE,,Transport & leisure,Cameroun,DJOUFACK NGOUNE Suzanne
VALID,DJOUFACK NGOUNE SUZANNE,,Transport & leisure,Cameroun,DJOUFACK NGOUNE Suzanne
VALID,JOCCIDALO PETROLEUM,,Energy and Oil & Gas,Cameroun,Olivier SABOCK
VALID,TCHARITRANS,,Miscellaneous,Cameroun,Mahamat MOUSSA HASSANE
VALID,KRIEGER BREWERY COMPANY PLC,KBC PLC,Industrial manufacturing,Cameroun,Dynamic BEYONGO MUKETE
VALID,3S MOTORS,3S M,Other industry,Cameroun,KEVIN FOSSO
VALID,TOTAL ENERGIES,,Energy and Oil & Gas,Cameroun,NYEBEL Samuel
VALID,Pari Mutuel Urbain Camerounais,PMUC,Other industry,Cameroun,
VALID,SOCIETE DES EAUX MINERALES DU CAMEROUN,SEMC,Climate change/Water,Cameroun,
VALID,LOMAR TRANSIT,,Miscellaneous,Cameroun,MBASSI MAX
VALID,LOMAR TRANSIT,,Miscellaneous,Cameroun,MBASSI MAX
VALID,MAYA CAM (quincaillerie MBOPPI),,Consumer markets,Cameroun,Mr. ERNEST
VALID,GRAND ZONG SARL,,Consumer markets,Cameroun,Mr. GARIEL
VALID,SON ET IMAGE,,Consumer markets,Cameroun,SADIFFO Michel
VALID,STANDART MARKET,,Consumer markets,Cameroun,
VALID,SAPRES SARL,,Consumer markets,Cameroun,
VALID,FRIPPERIE MBOPPI (BOUTIQUE N°1),,Consumer markets,Cameroun,Mr. DJAMEN
VALID,FRIPPERIE MBOPPI (BOUTIQUE N°2),,Consumer markets,Cameroun,Mr. KAMDEM Romain
VALID,FRIPPERIE MBOPPI (BOUTIQUE N°3),,Consumer markets,Cameroun,Mr. BANKOP Serge
VALID,FRIPPERIE MBOPPI(BOUTIQUE N°4),,Consumer markets,Cameroun,Mr. KARIM
VALID,FRIPPERIE MBOPPI (BOUTIQUE N°5),,Consumer markets,Cameroun,Mr. TALLA
VALID,FRIPPERIE MBOPPI(BOUTIQUE N°6),,Consumer markets,Cameroun,Mr. Fabrice
VALID,FRIPPERIE MBOPPI(BOUTIQUE N°7),,Consumer markets,Cameroun,
VALID,CAMUSAT CAMEROUN,,Other industry,Cameroun,
VALID,SAVANAH OIL SERVICES CAM,,N/A,Cameroun,
VALID,STRIDES PHARMA CAMEROUN,,"Infrastructure,  Healthcare",Cameroun,
VALID,FILIERE BOIS SA,,FORESTIER,Cameroun,
VALID,BRULERIE MODERNE,,Food and Drink,Cameroun,
VALID,SOCIETE DE MARGARINERIE DU CAMEROUN SARL,MARGACAM,Food and Drink,Cameroun,
VALID,GROUPE SEFAC SA,,FORESTIER,Cameroun,
VALID,SATOM CAMEROUN,,"Infrastructure,  Healthcare",Cameroun,
VALID,BAKER HUGHES,,Energy and Oil & Gas,Cameroun,FOSSI DEMETRIUS
VALID,RAZEL CAMEROUN,,"Infrastructure,  Healthcare",Cameroun,MELANIE TCHANGA
VALID,REGIE DU TERMINAL A CONTENEURS,RTC,Transport & leisure,Cameroun,
VALID,LA PASTA SA,,Food and Drink,Cameroun,
VALID,HORIZON PHYTO PLUS,,Other industry,Cameroun,
VALID,FRIEDLANDER CAMEROUN,,"Infrastructure,  Healthcare",Cameroun,
VALID,ACIERS ET METAUX DIVERS SARL,AMD,Industrial manufacturing,Cameroun,
VALID,CONSTRUCTION METALLIQUE,COMETAL,"Technology, media & telecommunications",Cameroun,
VALID,CELSON INDUSTRIES,,"Infrastructure,  Healthcare",Cameroun,
VALID,ROYAL CHIMIE SA,,Food and Drink,Cameroun,
VALID,COMPLEXE MULTI INDUSTRIEL DU CAMEROUN,CMIC,"Infrastructure,  Healthcare",Cameroun,
VALID,COMPLEXE MULTI INDUSTRIEL DU CAMEROUN,CMIC,"Infrastructure,  Healthcare",Cameroun,
VALID,SAAGRY SARL,,Food and Drink,Cameroun,
VALID,SAAGRY SARL,,Food and Drink,Cameroun,
VALID,PERENCO CAMEROUN,PERCAM,Energy and Oil & Gas,Cameroun,PATRICK NDONGO
VALID,PERENCO RIO DEL REY,PRDR,Energy and Oil & Gas,Cameroun,PATRICK NDONGO
VALID,PARLITE FOODS,,Food and Drink,Cameroun,
VALID,CARROSSERIE NOUVELLE DU CAMEROUN,CANOCAM,Food and Drink,Cameroun,
VALID,SOCIETE DE PLANTATION DU HAUT PENJA,PHP,Food and Drink,Cameroun,
VALID,LONGSTAR ENERGY CAMEROUN,,Energy and Oil & Gas,Cameroun,PATERNE BISSAY
VALID,GRACEDOM INVEST S.A,,Consumer markets,Cameroun,Jacqueline DONGMO
VALID,EXCELLENCE EQUIPMENT & MOTORS NGAOUNDERE SARL,,Energy and Oil & Gas,Cameroun,HASSAN Hariri
VALID,SOCIETE MINIERE DE L'EST,SME,Energy and Oil & Gas,Cameroun,YOSSA NOUBEYO
VALID,KIKOT-MBEBE HYDRO POWER COMPANY,KHPC,Energy and Oil & Gas,Cameroun,Marlène BIESSY
VALID,OHADA,OHADA,Private Equity,Cameroun,
VALID,MUTUELLE DES INSPECTEURS ET OFFICIERS DE DOUANE,MIOD,Project & NGO,Cameroun,
VALID,SHOW OFF ASSURANCE,SOA,Insurance,Cameroun,
VALID,TCHOUTCHUI DJONDI EPSE TANKEU BAYU Emilienne,,Other industry,Cameroun,TCHOUTCHUI DJONDI EPSE TANKEU BAYU Emilienne
VALID,ARYSTA LifeScience,,Food and Drink,Cameroun,
VALID,CFAO MOBILITY CAMEROON,CFAO,Miscellaneous,Cameroun,
VALID,UNITED BANK FOR AFRIKA CAMEROUN S.A,UBA,Bank,Cameroun,
VALID,MTN CAMEROON LTD,MTN,"Technology, media & telecommunications",Cameroun,
VALID,LABOREX CAMEROUN,LABOREX,Miscellaneous,Cameroun,
VALID,ORANGE CAMEROUN,ORANGE,"Technology, media & telecommunications",Cameroun,
VALID,WAFACASH,,Other Financial services,Cameroun,
VALID,TOTALENERGIES MARKETING CAMEROUN S.A,TOTAL,Energy and Oil & Gas,Cameroun,
VALID,MAHIMA SARL,MAHIMA,Consumer markets,Cameroun,
VALID,SOCIETE DE REPRESENTATION ET DE COMMERCE S.A,SOREPCO SA,Consumer markets,Cameroun,
VALID,GUINNESS CAMEROUN SA,GCSA,Industrial manufacturing,Cameroun,Stéphane DESCAZEAUD
VALID,COGENI CAMEROUN S.A,COGENI,Consumer markets,Cameroun,
VALID,ADIALEA CAMEROUN S.A,ADIALEA,Miscellaneous,Cameroun,
VALID,STE MAHIMA H SARL,,Consumer markets,Cameroun,
VALID,3C CAMEROUN SAS,,Consumer markets,Cameroun,
VALID,ESTIA SYNERGIE CAMEROUN,,Miscellaneous,Cameroun,
VALID,ENEM CAMEROUN,ENEM,ENR - Power & Utilities,Cameroun,
VALID,ENEM CAMEROUN,ENEM,ENR - Power & Utilities,Cameroun,
VALID,ENEM CAMEROUN,ENEM,ENR - Power & Utilities,Cameroun,
VALID,LANA BIO COSMETICS SARL,,Consumer markets,Cameroun,
VALID,BERNABE CAMEROUN,,Consumer markets,Cameroun,
VALID,AFRICA FINANCES,AFRI@FINAN,Bank,Cameroun,FACHEU BELMOND
VALID,CFAO TECHNOLOGIES,CFAO,Miscellaneous,Cameroun,
VALID,Projet de Mobilité Urbaine de Douala,PMUD,Project & NGO,Cameroun,
VALID,Ministère des Domaines du Cadastre et des Affaires Foncières,MINDCAF,Project & NGO,Cameroun,
VALID,TSG CAMEROUN S.A,,Energy and Oil & Gas,Cameroun,François BAFALAK
VALID,DAFMA & FORTRANS,,Miscellaneous,Cameroun,Stéphane FOSSO
VALID,CONGELES DU CAMEROUN S.A,CONGELCAM,Miscellaneous,Cameroun,
VALID,ADDAX PETROLEUM CAMEROUN COMPANY S.A.,,Energy and Oil & Gas,Cameroun,
VALID,GEODIS PROJECTS CAMEROON S.A,,Energy and Oil & Gas,Cameroun,
VALID,DAVUM CAMEROUN S.A,DACAM S.A,Miscellaneous,Cameroun,
VALID,ICRAFON,,Miscellaneous,Cameroun,
VALID,CHOCOLATERIE CONFISERIE DU CAMEROUN,CHOCOCAM,Industrial manufacturing,Cameroun,
VALID,LA CAMEROUNAISE D'IMPORTATION-ORCA SARL,LCI-ORCA,Miscellaneous,Cameroun,
VALID,LA CAMEROUNAISE D'IMPORTATION-ORCA SARL,LCI-ORCA,Miscellaneous,Cameroun,
VALID,ACTIVA CAMEROUN,,Insurance,Cameroun,
VALID,AFRICA GLOBAL LOGISTICS,,Transport & leisure,Cameroun,
VALID,3S MOTORS,,Miscellaneous,Cameroun,
VALID,AFRICA PETROLEUM S.A,AP S.A,Energy and Oil & Gas,Cameroun,
VALID,PRINCESSE VOYAGE,,Transport & leisure,Cameroun,
VALID,GENERALIA ASSURANCE,,Insurance,Cameroun,
VALID,CANAL + CAMEROUN,,"Technology, media & telecommunications",Cameroun,
VALID,CAPI CAMEROUN,,Miscellaneous,Cameroun,
VALID,AFRICA SECURITY,,Insurance,Cameroun,
VALID,AFRICA SECURITY CAMEROUN,,Miscellaneous,Cameroun,
VALID,ACCESS BANK,ACCESS,Bank,Cameroun,
VALID,MEN GROUP,,Transport & leisure,Cameroun,Wilfried EBANDA
VALID,CALLENS CAMEROUN S.A,,Other industry,Cameroun,
VALID,FOSTEMA TCHAD,,Other industry,Tchad,
VALID,SCI PYRAMIDE,,Industrial manufacturing,Cameroun,
VALID,MUTUELLE  FINANCE DES FEMMES DYNAMIQUE,,Bank,Cameroun,
VALID,DOSSIER D' INPORTATION DU SUCRE,,Bank,Cameroun,
VALID,J2N CONSEIL SARL,,Other Financial services,Cameroun,NOUTCHIE NJIKI Jackson
VALID,AUTORITE DE L’AVIATION CIVILE DU TCHAD,ADAC,Project & NGO,Tchad,
VALID,KAKOTEL S.A,KAKOTEL,"Technology, media & telecommunications",Cameroun,
VALID,CHINA HARBOUR ENGINEERING COMPANY LTD,CHEC,Miscellaneous,Cameroun,Emmanuelle LIU
VALID,LONGSTAR,LONGSTAR,Miscellaneous,Cameroun,LONG HAI
VALID,Office Régional Agricole et des Produits de Rente du Sud,ORAPROR,Government & public sector,Cameroun,DOUA Raymond
VALID,Office Régional Agricole et des Produits de Rente du Sud,,Consumer markets,Cameroun,YOUMBI TETU JEAN DANIEL
VALID,GROUPE KEDE SARL,,ENR - Power & Utilities,Cameroun,Madame NKOMBOU epse YOBA Ingrd Sophie Sandrne
VALID,DAVINCI INVESTMENT GROUP SARL,,Bank,Cameroun,FOTSING Firmin Bouler
VALID,AZA Finance,EXE TRANSF,Bank,Sénégal,
VALID,SAMSON BILANGNA,,Other industry,Cameroun,SAMSON BILANGNA
VALID,CAMEROON INTERNATIONALE TRADE SARL,,Consumer markets,Cameroun,ABDOUL Karim GNAGUELE
VALID,SOLIDARITE MINIERE DU CAMEROUN,SOMCA,ENR - Mining,Cameroun,KUETE GUSTAVE
VALID,SOLIDARITE MINIERE DU CAMEROUN,SOMCA,ENR - Mining,Cameroun,KUETE GUSTAVE
VALID,BEST WIN S.A,BEST WIN,Other Financial services,Cameroun,
VALID,CAMEROON INTERNATIONALE TRADE SARL 2,,Consumer markets,Cameroun,ABDOUL Karim GNAGUELE
VALID,ARCHIBAT PLUS DESIGN,,Hôtellerie,Cameroun,Monsieur NJIOSSI Jean-Roger
VALID,NOTICAM SA,,Energy and Oil & Gas,Cameroun,Monsieur Jules MANDJIA MOUICHE
VALID,Advance Maritime Transport,AMT,Transport & leisure,Cameroun,Marcel BUERGI
VALID,SOLIDARITE MINIERE DU CAMEROUN,SOMCA,N/A,Cameroun,KUETE GUSTAVE
VALID,MOTOA TRANSPORT TRANSIT ET  SERVICES (MTTS),MTTS,Miscellaneous,Cameroun,MDIBA SAID
VALID,EVERWELL  CAMEROON CABLES AND ENGINEERING S.A,EWERWELL,Industrial manufacturing,Cameroun,DANIEL ZHANG LONGFANG
VALID,CAMFISH,,Climate change/Water,Cameroun,EKENE BODO Cyrille
VALID,SOCIETE INTERAFRICAINE DES PRODUITS PHARMACEUTIQUES ET PARAPHARMACEUTIQUES,SIAP,Miscellaneous,Cameroun,Dr Yolande DJOMO Epse MANE
VALID,Société commerciale de Banque Cameroun,SCB,Bank,Cameroun,
VALID,EVERWELL CAMEROUN CABLES and ENGINEERING SA,,ENR - Power & Utilities,Cameroun,Séraphin
VALID,NGOLLE 4 ISSAC RICHARD,,Government & public sector,Cameroun,
VALID,SOCIETE DE DISTRIBUTION ET DE NEGOCE INTERNATIONAL(SODISNI),,Fast Moving Consumer Goods,Cameroun,
VALID,FOBS,,Other industry,Cameroun,
VALID,PETRO SERVICE & LOGISTIQUE SARL,PSL,Transport & leisure,Cameroun,
VALID,MIA,,Other industry,Cameroun,
VALID,SIGMA INC LTD,,Other industry,Cameroun,
VALID,AMT CAMEROUN S.A,AMT,Energy and Oil & Gas,Cameroun,Marcel BUERGI
VALID,SITRAB-CAM,,Other industry,Cameroun,
VALID,COMPAGNY OF TRANSPORT AND FAIR TRADE,COTRAF,Transport & leisure,Cameroun,
VALID,BRIGHT POINT LOGISTICS SARL,BRIGHT,Transport & leisure,Cameroun,
VALID,OCEAN PETROLEUM SARL,OCEAN,Energy and Oil & Gas,Cameroun,
VALID,ENGINE OIL COMPANY SA,ENGINE OIL,Energy and Oil & Gas,Cameroun,
VALID,AFRICA VISION DEVELOPMENT SARL,AVD,Miscellaneous,Cameroun,
VALID,ARTS ET METIERS SARL,,Miscellaneous,Cameroun,
VALID,Etude Me Grâce NKAKE BOLLANGA,,Miscellaneous,Cameroun,Grâce NKAKE BOLLANGA
VALID,MERMO OIL,,Energy and Oil & Gas,Cameroun,
VALID,PATNUC,PATNUC,Project & NGO,Cameroun,
VALID,MINSANTE,MINSANTE,Project & NGO,Cameroun,
VALID,MINFI,MINFI,Project & NGO,Cameroun,
VALID,CAMLAIT,Douala,Consumer markets,Cameroun,
VALID,CONNECTION CAMEROUN,,"Technology, media & telecommunications",Cameroun,
VALID,SOCIETE AFRICAINE DE PROMOTION IMMOBOLIERE  SA,SAPI SA,Consumer markets,Cameroun,
VALID,SAE,SAE,Miscellaneous,Cameroun,
VALID,AUG ASSURANCES,AUG,Insurance,Cameroun,
VALID,CAMLAIT SA,,Food and Drink,Cameroun,
VALID,BANQUE INTERNATIONAL DU CAMEROUN POUR L'EPARGNE ET LE CREDIT,BICEC,Bank,Cameroun,Monsieur ROCHDI SANHAJI
VALID,MERMO OIL,,Energy and Oil & Gas,Cameroun,
VALID,Societé d'Expliotation Industrielle Agricole,SEIAC,Other industry,Cameroun,NYANGON BITA Olga
VALID,MEN LOGISTICS SA,,Industrial manufacturing,Cameroun,
VALID,MONSIEUR BAHA Robert,,Miscellaneous,Cameroun,MONSIEUR BAHA Robert
VALID,EMRALD SECURITIES SERVICES BOURSE,ESS BOURSE,Other Financial services,Cameroun,Christian DIN DIKA
VALID,IMPLANTS & SERVICES SARL,,Miscellaneous,Cameroun,Mr. Jean BAHEBECK
VALID,NORBERT GWEM,,"Infrastructure,  Healthcare",Cameroun,
VALID,JL2M MULTISERVICES SARL,,Consumer markets,Cameroun,TETA Emmanuel
VALID,AGROLOGISTIK SARL,,Food and Drink,Cameroun,NGUEN III Georges Ronald
VALID,COMPLEXE CHIMIQUE D'AFRIQUE CENTRALE,C.C.A.C SA,Food and Drink,Cameroun,
VALID,SOCOMAC SARL,,Industrial manufacturing,Cameroun,
VALID,GANESHA CAMEROUN SARL,,Other industry,Cameroun,
VALID,SODIPRAC SARL,,Other industry,Cameroun,
VALID,GENERAL TRADING INTERNATIONAL,,Other industry,Cameroun,
VALID,MEDICARE SARL,,"Infrastructure,  Healthcare",Cameroun,
VALID,BARYO INTERNATIONAL,,"Infrastructure,  Healthcare",Cameroun,
VALID,BARYO INTERNATIONAL,,"Infrastructure,  Healthcare",Cameroun,
VALID,INSTRUMELEC,,Industrial manufacturing,N/A,
VALID,BIA CAMEROUN SA,,Other industry,N/A,
VALID,ROUD'AF,,"Infrastructure,  Healthcare",Cameroun,
VALID,MC DISTRIBUTION,,Food and Drink,Cameroun,
VALID,OLAM AGRI,,Food and Drink,Cameroun,
VALID,SOGEA - SATOM,,"Infrastructure,  Healthcare",Cameroun,
VALID,CECOTRAM APPRO DISTRIBUTION,,Other industry,Cameroun,
VALID,SEMAGRI SARL,,Food and Drink,Cameroun,
VALID,SOCIETE SEVI SUARL,,FORESTIER,Cameroun,
VALID,MIRA CEMENT,,"Infrastructure,  Healthcare",Cameroun,
VALID,SOCIETE FORESTIERE DU CAMEROUN,SOFOCAM,FORESTIER,Cameroun,
VALID,SPEEDY WORLD WIDE SERVICES,S.W.S,Miscellaneous,Cameroun,
VALID,SOLIDARITÉS INTERNATIONAL,SI,Project & NGO,Cameroun,
VALID,ZTE INTERNATIONAL LIMITED,ZTE,Miscellaneous,Cameroun,
